{"cameraMode":{"drawMode":0,"name":"Shaded","section":"Shading Mode"},"sceneLighting":true,"audioPlay":false,"sceneViewState":{"showFog":true,"showMaterialUpdate":false,"showSkybox":true,"showFlares":true,"showImageEffects":true,"showParticleSystems":true},"in2DMode":false,"pivot":{"x":-0.5635530948638916,"y":0.8929648399353027,"z":1.482470989227295},"rotation":{"x":0.0353887639939785,"y":0.0104932626709342,"z":-0.00037166039692237973,"w":0.9993192553520203},"size":4.7705793380737309,"orthographic":false}