{"cameraMode":{"drawMode":0,"name":"Shaded","section":"Shading Mode"},"sceneLighting":false,"audioPlay":false,"sceneViewState":{"showFog":true,"showMaterialUpdate":true,"showSkybox":false,"showFlares":true,"showImageEffects":false,"showParticleSystems":false},"in2DMode":false,"pivot":{"x":0.006864011287689209,"y":-0.004799528047442436,"z":0.008698716759681702},"rotation":{"x":0.031478457152843478,"y":0.03237585350871086,"z":-0.0010426751105114818,"w":0.998999834060669},"size":0.27580440044403078,"orthographic":false}