{"cameraMode":{"drawMode":0,"name":"Shaded","section":"Shading Mode"},"sceneLighting":false,"audioPlay":false,"sceneViewState":{"showFog":true,"showMaterialUpdate":true,"showSkybox":true,"showFlares":true,"showImageEffects":false,"showParticleSystems":false},"in2DMode":false,"pivot":{"x":-0.030000001192092897,"y":2.1029999256134035,"z":0.7599999904632568},"rotation":{"x":-0.05457479879260063,"y":3.5010879173569267e-7,"z":-0.000001967285925275064,"w":0.998513400554657},"size":6.226874828338623,"orthographic":false}