{"cameraMode":{"drawMode":0,"name":"Shaded","section":"Shading Mode"},"sceneLighting":false,"audioPlay":false,"sceneViewState":{"showFog":true,"showMaterialUpdate":true,"showSkybox":false,"showFlares":true,"showImageEffects":false,"showParticleSystems":false},"in2DMode":false,"pivot":{"x":0.0,"y":0.6000000238418579,"z":-0.0022071050480008127},"rotation":{"x":0.043474867939949039,"y":-0.02457808144390583,"z":0.0010474467417225242,"w":0.9987717270851135},"size":2.830242395401001,"orthographic":false}