{"cameraMode":{"drawMode":0,"name":"Shaded","section":"Shading Mode"},"sceneLighting":true,"audioPlay":false,"sceneViewState":{"showFog":true,"showMaterialUpdate":false,"showSkybox":true,"showFlares":true,"showImageEffects":true,"showParticleSystems":true},"in2DMode":false,"pivot":{"x":0.05644693970680237,"y":3.5409648418426515,"z":2.258220672607422},"rotation":{"x":0.09953610599040985,"y":-0.06867241114377976,"z":0.006472883280366659,"w":0.9927524924278259},"size":7.849197864532471,"orthographic":false}